{"cameraMode":{"drawMode":0,"name":"Shaded","section":"Shading Mode"},"sceneLighting":false,"audioPlay":false,"sceneViewState":{"m_AlwaysRefresh":false,"showFog":true,"showSkybox":false,"showFlares":true,"showImageEffects":true,"showParticleSystems":true,"showVisualEffectGraphs":true,"m_FxEnabled":true},"in2DMode":false,"pivot":{"x":-0.05218501016497612,"y":-0.09897948056459427,"z":0.2527354657649994},"rotation":{"x":-0.17727483808994294,"y":0.6432958245277405,"z":-0.15661394596099854,"w":-0.7281613349914551},"size":0.42068129777908327,"orthographic":false}